2D	2N	3D	3N	4D	4N	A10D	A11D	A12D	A13D	A14D	A15D	A16D	A17D	A18D	A19D	A1D	A20D	A21D	A22D	A23D	A24D	A25D	A26	A27	A28	A29	A2D	A30	A31	A32	A3D	A4D	A5D	A6D	A7D	A8D	A9D	B1	B10	B11	B12	B13	B14	B16	B17	B18	B19	B2	B20	B21	B22	B23	B24	B25	B26	B28	B29	B3	B30	B31	B32	B4	B5	B6	B7	B9	C10D	C11D	C12D	C13D	C14D	C15D	C16D	C17D	C19D	C1D	C20D	C21D	C22D	C23D	C24D	C25D	C26D	C27D	C28D	C29	C2D	C30	C31	C32	C3D	C4D	C5D	C6D	C7D	C8D	C9D	CA	CA1	CA10	CA2	CA3	CA4	CA5	CA6	CA7	CA8	CA9	CE1	CE10	CE2	CE3	CE4	CE5	CE6	CE7	CE8	CE9	CJ1	CJ10	CJ2	CJ3	CJ4	CJ5	CJ6	CJ7	CJ8	CL1	CL10	CL2	CL3	CL4	CL5	CL6	CL7	CL8	CL9	D1	D2	D3	D4	D5	D6	D7	D8	E10D	E11D	E12D	E13D	E14D	E15D	E16D	E17D	E18D	E19D	E1D	E20D	E21D	E22D	E23D	E24D	E25D	E26D	E27D	E28D	E29	E2D	E30	E31	E32	E3D	E4D	E5D	E6D	E7D	E8D	E9D	F1	F10	F11	F12	F13	F14	F15	F16	F17	F18	F19	F2	F20	F21	F22	F23	F24	F25	F26	F27	F28	F29	F3	F30	F31	F32	F4	F5	F6	F7	F8	F9	J1	J10	J2	J3	J4	J5	J6	J7	J8	J9	N10D	N11D	N12D	N13D	N14D	N15D	N16D	N17D	N18D	N19D	N1D	N20D	N21D	N22D	N23D	N24D	N25D	N26D	N27D	N28D	N29	N2D	N30	N31	N32	N3D	N4D	N5D	N6D	N7D	N8D	N9D	NEC1	NEC2	NEC3	O10D	O11D	O12D	O13D	O14D	O15D	O16D	O17D	O18D	O19D	O1D	O20D	O21D	O22D	O23D	O24D	O25D	O26D	O27D	O28D	O29	O2D	O30	O31	O32	O3D	O4D	O5D	O6D	O7D	O8D	O9D	OA1	OA2	OA3	P1	P10	P11	P12	P13	P14	P15	P16	P17	P18	P19	P2	P20	P21	P22	P23	P24	P25	P26	P27	P28	P29	P30	P31	P32	P4	P5	P6	P7	P8	P9	SO1	W10D	W11D	W12D	W13D	W14D	W15D	W16D	W17D	W18D	W19D	W1D	W20D	W21D	W22D	W23D	W24D	W25D	W26D	W27D	W28D	W29	W2D	W30	W31	W32	W3D	W4D	W5D	W6D	W7D	W8D	W9D	Z10D	Z11D	Z12D	Z13D	Z14D	Z15D	Z16D	Z17D	Z18D	Z19D	Z1D	Z20D	Z21D	Z23D	Z24D	Z25D	Z26D	Z27D	Z28D	Z29	Z2D	Z30	Z31	Z32	Z3D	Z4D	Z5D	Z6D	Z7D	Z8D	Z9D
d__Archaea;p__Methanobacteriota	0	0	0	0	0	0	0	0	0	0	0	0	0	0	0	0	0	0	0	0	0	0	0	0	0	0	0	0	0	0	0	0	0	0	0	0	0	0	0	0	0	0	0	0	0	0	0	0	0	0	0	0	0	0.000147272229556741	0	0	0	0	0	0	0	0	0	0	0	0	0	0	0	0	0	0	0	0	0	0	0	0	0	4.84349021476942e-05	0.0011191185212149	0	0	0.000363271389535933	0	0	0	0	0	0	0	0	0	0	0	0	0	0	0	0	0	0	0	0	0	0	0	0	0	0	0	0	0	0	0	0	0	0	0	0	0	0	0	0	0	0	0	0	0	0	0	0	0	0	0	0	0	0	0	0	0	0	0	0	0	0	0	0	0	0	0	0	0	0	0	0	0	0	0	0	0	0	0	0	0	0	0	0	0	0	0	0	0	0	0	0	0	0	0	0	0	0	0	0	0	0	0	0	0	0	0	0	0	0	0	0	0	0	0	0	0	0	0	0	0	0	0	0	0	0	0	0	0	0	0	0	0	0	0	0	0	0	0	0	0	0	0	0	0	0	0	0	0	0	0	0	0	0	0	0	0	0	0	0	0	0	0	0	0	0	0	0	0	0	0	0	0	0	0	0	0	0	0	0	0	0	0	0	0	0	0	0	0	0	0	0	0	0	0	0	0	0	0	0	0	0	0	0	0	0	0	0	0	0	0	0	0	0	0	0	0	0	0	0	0	0	0	0	0	0	0	0	0	0	0	0	0	0	0	0	0	0	0	0	0	0	0	0	0	0	0	0	0	0	0	0	0	0	0	0	0	0	0	0	0	0	0	0	0	0	0	0	0	0	0	0	0	0	0	0	0	0	0	0	0	0	0	0	0	0	0	0	0	0	0	0	0	0	0	0	0	0	0	0	0
d__Bacteria;p__Actinobacteriota	0	0	0	0	0	0	0.0542111796966608	0.0321739850294196	0.10872273361927	0.0276607711314085	0	0.10575039403585	0.15038764004423	0.163424555550306	0.465039327044175	0.117604567837367	0.385026356683628	0.0496461715899515	0.0659369455529907	0.373519032014116	0.387902977703655	0.421520093185789	0.266248220997701	0.245219179312378	0.803138029422441	0.810010644345818	0.572563106796117	0.284581725699476	0.0156486622917718	0.20894596438985	0.890525022489504	0.124210263745601	0.400931706067303	0.184065353134667	0.423244975490266	0.659101993144393	0.0471288764356562	0.103227652214622	0.827080099552659	0.786560712213998	0.810912652635847	0.832077321178645	0.852117836630493	0.848166552322744	0.833586123443054	0.785626230970889	0.83440219199258	0.823319995012624	0.873522280386382	0.842068288920355	0.858803358191996	0.409095777033671	0.239099121938483	0.647269230867124	0.233072245998169	0.351035830871114	0.738873563018006	0.697313998745771	0.820178319890385	0.845978220317324	0.733449824674619	0.709685247597059	0.847113342330829	0.834358355326999	0.851498674924731	0.854077866503562	0.707478231834177	0.578739070386624	0.355408571545735	0.182896067580146	0.165535703087356	0.755498771560539	0.466864434541107	0.433375308200506	0.916695090962944	0.580602135423369	0.715386675424453	0.279539101937742	0.465124789460732	0.816812989805515	0.65256881041883	0.198283894130308	0.573230863342722	0.573017113719517	0.825259349320879	0.780120320967744	0.764463685649619	0.805245602873133	0.846561835905348	0.506272371045662	0.692222438247772	0.632446325233898	0.744566047429541	0.810873972584656	0.910005925836529	0.930445283493921	0.852345001339227	0.708531385855652	0	0	0.766960070336513	0.760424042184116	0.659881252618846	0.697566394831532	0.332142694303353	0.713484266558857	0.686957133551671	0.689667106198216	0.768631322375059	0.791618137657077	0.2622963141122	0.374695766291965	0.493967633429864	0.467986932211925	0.103225755493421	0.279413800262994	0.571093635519953	0.474649406688242	0.0998091874804204	0.00662160049303856	0.387439951712215	0.731008123776353	0.343174590156841	0.300287128700096	0.380782346493189	0.569148197716378	0.463418998826014	0.26465619013283	0.493891859353422	0.0585368574262379	0.620482467940095	0	0.0413295972628828	0.081616751624941	0.406832306775099	0.317750925636386	0.153357226016557	0.0547837036940887	0.855976359275903	0.363249101118519	0.840846609222278	0.752952184838313	0.75415961401276	0.182424834097453	0.840588377433525	0.744391658922538	0.453809932060125	0.205305481176143	0.249950565088874	0.574892337764901	0.45839389126121	0.838477262872715	0.755107261597542	0.871430496508593	0.824412051897196	0.887004974277528	0.319150224151461	0.843170641112401	0.850225571058998	0.638943529438592	0.850130444749016	0.873268191092382	0.81614910744992	0.760150201829392	0.84015677549893	0.900908013851692	0.629656789080547	0.480939296141498	0.0840243472124206	0.879410430089623	0.9423244301092	0.615417752515014	0.758585219378897	0.773743943284193	0.720091570873749	0.788721138633231	0.100992718784003	0.259835543189343	0.538290060907352	0.279803484007127	0.084476517886509	0.19138461079645	0.464860451806215	0.564524577343079	0.672883428445239	0.850063911225469	0.833197255982495	0.819959241836875	0.479303776000832	0.000117444920057088	0.876955544779963	0.746622127212042	0.687196711230887	0.577002216855843	0.602897369375666	0.71055156916907	0.864272466634379	0.840282117668065	0.824513610976801	0.528480781853986	0.752248839388373	0	0.846456985167624	0.703078602980824	0.660000640758658	0.444995926192188	0.637750289381987	0.628341889605777	0.110023174018802	0.46833536726004	0	0	0	0	0	0	0	0	0	0	0.675404350250976	0	0.202840153456066	0.126234337776646	0.300842877252742	0.774651394422311	0.815657485535076	0.768391143365307	0.811511880981485	0.845312730002773	0.712759540330735	0.698058630123234	0.714177639318195	0.344010302235251	0.534965995186017	0.389895571352421	0.227906912998191	0.184466244256707	0.364418463181342	0.392857462979064	0.240472985730034	0.641341505565735	0.310886814384833	0.439460459560212	0.556961803363773	0.743583599355529	0.738973611027033	0.609281912771156	0.728391635709185	0.720042403725057	0.67488483827827	0.142200724254723	0	0	0	0.0274425928576842	0.0419561645103803	0.0310032609379407	0.0903080200722868	0.0137967728252368	0.00205267318647223	0.0419210472257116	0.0121919208202409	0.00854086295761592	0.00577499939201603	0.0701008733025171	0.00571044612977368	0.146440879181836	0.0813465830250431	0.0169563078699047	0.014061233131483	0.0219363328759136	0.0183333862340627	0.104690957918058	0.0571468905517777	0.123745084528789	0.0540508685694387	0.0211352344585765	0	0.031257706082875	0.118475520287366	0.0727522900409349	0.0129085640962465	0.0391756723983935	0.0125392157179821	0.0487426959679582	0.0216694998865168	0.290942551356266	0	0.653270985176144	0.639847334904148	0.718225332441005	0.40029449149876	0	0.789049041094072	0.825456793100243	0.93747101194691	0.91797450557973	0.93807652939068	0.90733957374909	0.927861385703182	0.774880912071575	0.916694494958709	0.916152729662478	0.866844385863406	0.823749683668011	0.892455359168631	0.869642217257111	0.53159383704079	0.888287471691081	0.90357275283495	0.714811431583875	0.636967276329732	0.91751681348956	0.91424085856352	0.84476651367422	0.864146095025253	0.663752551736258	0.746539502833729	0.346420831978259	0.43981517434185	0	0.550286917799799	0.0710258904836122	0.0376622957752031	0.0995287597332944	0.257070760216555	0.557169378169865	0.12053858082043	0.441876609070308	0.147085841056622	0.232120709784165	0.67170781228025	0.409358865214546	0.417806825441477	0.320925007622067	0.327665762766013	0.124062021356347	0.556569817017589	0.206066686110349	0.0804922999799803	0.464461641942415	0.818157531798787	0.888495096631419	0.197642664790181	0.348791911806706	0.290017425262386	0.820226918777895	0.845424628126555	0.775637598164389	0.769432239213956	0.780458525080805	0.0423897012651285	0.0136042711650235	0.856210866023387	0.864237238145152	0.815280055285406	0.761735076595894	0.776692001204894	0.903645512653569	0.90168283006349	0.46339328874513	0.915143287847399	0.89722526604971	0.876642273404845	0.910317429667746	0.901056235604283	0.817023469735635	0.836958234495297	0.74054075265708	0.811769695914445	0.893133874185608	0.840186451461187	0.897646104618258	0.869067127330009	0.786143186184091	0.895880614451884	0.879384713989591	0.895020266442528	0.778774492583966	0.835137047593185	0.906740484650407	0.850969912467569	0.784030374468962	0.625133131875472
d__Bacteria;p__Bacteroidota	0	0	0	0	0	0	0	0	0	0	0	0	0	0	0	0	0	0	0	0	0	0	0	0.00776353610071537	0	0	0	0	0	0	0	0	0.00102190909704475	0.00902799857900599	0	0	0	0	0.000143061617799056	0	0	0	0	0	0	0	0	0	0.00017654514407446	0.000407977013838253	0	0.00443987008866604	0.00213645109728584	0.0260273678845374	0.000984952736730741	0	0.000957248968488249	0	0.00126272836598126	0	0	0	0.000344437805264373	0.000213061190048706	0.000251770823599557	0	0	0.0353031305983116	0.0172491807212597	0.0564838323268123	0.00912863300837907	0.0131515996290056	0.00140656636735703	0.0677705108356656	0	0.0145634403436921	0	0.133979142489646	0.0200295953491197	0.00110637820548599	0.0365903845646831	0	0.00571297967085785	0.0701855896468525	0.0124126221360204	0	0.00119745798162189	0	0	0	0.0319289328928858	0.000425685159613724	0.000133626829879914	0	0	0	0	0.00196772511892461	0	0	0	0.00200276908112955	0	0	0	0	0	0	0	0	0	0	0	0	0	0	0	0	0	0	0	0	0.0331537245150067	0	0	0	0	0	0	0	0	0	0	0	0	0	0	0.000527612848491989	0	0	0	0	0	0	0	0	0	0	0	0	0	0	0	0	0	0	0	0.000633314116585523	0	0	0	0	0	0	0	0	0	0	0	0	0	0	0	0	0	0.000567054995754513	0	0	0.0676281251581813	0.0683273651979864	0	0	0	0.00733313379227776	0.000535759532594485	0	0	0	0.000471337574187355	0.00250656087678962	0.000996117676806701	0.00273760668622705	0	0.013086689526016	0	0.00494760969860453	0	0	0.00230662315312865	0	0.00641436298526004	0	0	0	0.000953876055916872	0	0	0	0	0.0331574087892769	0	0	0	0	0	0.0208228090363564	0	0.0210006034578405	0	0.027681452257955	0	0	0	0	0	0	0	0	0	0	0	0	0	0	0	0	0	0	0	0	0	0	0	0	0	0	0.00111970082896344	0	0	0	0	0	0	0	0	0.0491754471014641	0	0.0200343747907379	0.114310001326363	0.0873999936250916	0.00525410615755232	0.0305377779279779	0.0130387989678147	0.00221407365762589	0.0116951069853844	0.0165255685380346	0.0098056464352292	0.0934872683490133	0.00305460099274532	0.0464407577930086	0.0084237505724617	0.00443151039608973	0.0021296191913631	0.0193918091256279	0.00287363526782268	0.0425408433414099	0.0675501921969382	0.0620522072334439	0.0181970111570559	0.0359534438325662	0.0662721877364497	0.0342118612214954	0.0221434513260304	0	0.016371150792779	0	0.0215675966112529	0	0	0	0.000330119852477549	0	0	0	0	0	0	0	0	0	0	0	0	0	0	0.000170138779287152	0	0.00165478947617371	0.00573890515032656	0	0	0.00759181874163502	0	0	0	0.00216785678323412	0.000120211583443341	0.000507886454933298	0.00386113560676941	0.00329919081919494	0	0	0.0115302307194551	0	0	0.00045932520035925	0.0126480166578312	0.0150603741872706	0	0	0	0.00062703924198354	0.0364144932686021	0.00131602931245081	0	0	0.0402684959299953	0.00718040904437083	0.000600260391199618	0.000230236069173758	0.0113741336991594	0.00179649249220862	0	0	0	0	0.0056210348276684	0.00295402579736012	0.000326514787103529	0.00040446047433943	0.0147950688854957	0.0121341447734743	0.00038127450185989	0	0.000991602220179311	0	0.00027428048859747	0	0	0	0	0	0	0	0.000221167181784307	0	0	0.00309895345242157	0	0	0.000278273892837779	0	0.000600990591748229	0	0	0	0	0	0	0	0.00547033057390921	0	0.0022992527928323	0	0
d__Bacteria;p__Campylobacterota	0	0	0	0	0	0	0	0	0	0	0	0	0	0	0	0	0	0	0	0	0	0	0	0	0	0	0	0	0	0	0	0	0	0	0	0	0	0	0	0	0	0	0	0	0	0	0	0	0	0	0	0	0	0.000289454000642509	0	0	0	0	0	0	0	0	0	0	0	0	0	0	0.000527408681054205	0.00229129320782478	0.00319461485771505	0	0	0.000578276862950129	0	0	0	0	0	0	0	0	0	0.00249934200618367	0	0	0	0	0	0	0	0	0	0	0	0	0	0	0	0	0	0	0	0	0	0	0	0	0	0	0	0	0	0	0	0	0	0	0	0	0	0	0.000433447339496727	0	0	0	0	0	0	0	0	0	0	0	0	0	0	0	0	0	0	0	0	0	0	0	0	0	0	0	0	0	0	0	0	0	0	0	0	0	0	0	0	0	0	0	0	0	0	0	0	0	0	0	0	0	0	0	0	0	0	0	0	0	0	0	0	0	0	0	0	0	0	0	0	0	0	0	0.00251150973250634	0	0	0	0	0	0	0	0	0	0	0	0	0	0	0	0	0	0	0	0	0	0	0	0	0	0	0	0	0	0	0	0	0	0	0	0	0	0	0	0	0	0	0	0	0	0	0	0	0	0	0	0	0	0	0	0	0	0	0	0	0	0	0	0	0	0	0	0	0	0	0	0	0	0	0	0	0	0	0	0	0	0.00998450269456886	0.000233873858384878	0	0	0	0	0	0	0	0	0	0	0	0	0	0	0	0	0	0	0	0	0	0	0	0	0	0	0	0	0	0	0	0	0	0	0	0	0	0	0	0	0.00175860919035073	0	0	0	0.00195559765173009	0	0	0	0	0	0.00111618851746844	0	0	0	0	0	0	0	0	0	0	0	0	0	0	0	0	0	0	0	0	0	0	0	0	0	0	0	0	0	0	0	0	0	0	0	0	0	0	0	0	0	0	0	0	0	0	0	0	0	0	0	0
d__Bacteria;p__Cyanobacteria	0	0	0	0	0	0	0	0	0	0	0	0	0	0	0	0	0	0	0	0	0	0	0	0	0	0	0	0	0	0	0	0	0	0	0	0	0	0	0	0	0	0	0	0	0	0	0	0	0	0	0	0	0	0	0	0	0	0	0	0	0	0	0	0	0	0	0	0	0	0	0	0	0	0	0	0	0	0	0	0	0	0	0	0	0	0	0	0	0	0	0	0	0	0	0	0	0	0	0	0	0	0	0	0	0	0	0	0	0	0	0	0	0	0	0	0	0	0	0	0	0	0	0	0	0	0	0	0	0	0	0	0	0	0	0	0	0	0	0	0	0	0	0	0	0	0	0	0	0	0	0	0	0	0	0	0	0	0	0	0	0	0	0	0	0	0	0	0	0	0	0	0	0	0	0	0	0	0	0	0	0	0	0	0	0	0	0	0	0	0	0	0	0	0	0	0	0	0	0	0	0	0	0	0	0	0	0	0	0	0	0	0	0	0	0	0	0	0	0	0	0	0	0	0	0	0	0	0	0	0	0	0	0	0	0	0	0	0	0	0	0	0	0	0	0	0	0	0	0	0	0	0	0	0	0	0	0	0	0	0	0	0	0	0	0	0	0	0	0	0	0	0	0	0	0	0	0	0	0	0	0	0	0	0	0	0	0	0	0	0	0	0	0	0	0	0	0	0	0	0	0	0	0	0	0	0	0	0	0	0	0	0	0	0	0	0	0	0	0	0	0	0	0	0	0	0	0	0	0	0	0	0	0	0	0	0	0	0	0	0	0.000413594426706836	0	0	0	0	0	0	0	0	0	0	0	0	0	0	0	0	0	0	0	0	0	0	0	0	0	0	0	0	0	0	0	0	0	0	0	0	0	0	0	0	0	0	0	0
d__Bacteria;p__Deinococcota	0	0	0	0	0	0	0	0	0	0	0	0	0	0	0	0	0	0	0	0	0	0	0	0	0	0	0	0	0	0	0	0	0	0	0	0	0	0	0	0	0	0	0	0	0	0	0	0	0	0	0	0	0	0	0	0	0	0	0	0	0	0	0	0	0	0	0	0	0	0	0	0	0	0	0	0	0	0	0	0	0	0	0	0	0	0	0	0	0	0	0	0	0	0	0	0	0	0	0	0	0	0	0	0	0	0	0	0	0	0	0	0	0	0	0	0	0	0	0	0	0	0	0	0	0	0	0	0	0	0	0	0	0	0	0	0	0	0	0	0	0	0	0	0	0	0	0	0	0	0	0	0	0	0	0	0	0	0	0	0	0	0	0	0	0	0	0	0	0	0	0	0	0	0	0	0	0	0	0	0	0	0	0	0	0	0	0	0	0	0	0	0	0	0	0	0	0	0	0	0	0	0	0	0	0	0	0	0	0	0	0	0	0	0	0	0	0	0	0	0	0	0	0	0	0	0	0	0	0	0	0	0	0	0	0	0	0	0	0	0	0	0	0	0	0	0	0	0	0	0	0	0	0	0	0	0	0	0	0	0	0	0	0	0	0	0	0	0	0	0	0	0	0	0	0	0	0	0	0	0	0	0	0	0	0	0	0	0	0	0	0	0	0	0	0	0	0	0	0	0	0	0	0	0	0	0	0	0	0	0	0	0	0	0	0	0	0	0	0	0	0	0	0.000839662456575847	0	0	0	0.0151660584625079	0	0	0	0	0	0	0	0	0	0	0	0	0	0	0	0	0	0	0	0	0	0	0	0	0	0	0	0	0	0	0	0	0	0	0	0	0	0	0	0	0	0	0	0	0	0	0	0	0	0	0	0	0	0	0	0	0	0
d__Bacteria;p__Desulfobacterota_I	0	0	0	0	0	0	0	0	0	0	0	0	0	0	0	0	0	0	0	0	0	0	0	0	0	0	0	0	0	0	0	0	0	0	0	0	0	0	0	0	0	0	0	0	0	0	0	0	0	0	0	0	0	0	0	0	0	0	0	0	0	0	0	0	0	0	0	0	0	0	0	0	0	0	0	0	0	0.00313748090943146	0	0	0	0	0	0	0	0	0	0	0	0	0	0	0	0	0	0	0	0	0	0	0	0	0	0	0	0	0	0	0	0	0	0	0	0	0	0	0	0	0	0	0	0	0	0	0	0	0	0	0	0	0	0	0	0	0	0	0	0	0	0	0	0	0	0	0	0	0	0	0	0	0	0	0	0	0	0	0	0	0	0	0	0	0	0	0	0	0	0	0	0	0	0	0	0	0	0	0	0	0	0	0	0	0	0	0	0	0	0	0	0	0	0	0	0	0	0	0	0	0	0	0	0	0	0	0	0	0	0	0	0	0	0	0	0	0	0	0	0	0	0	0	0	0	0	0	0	0	0	0	0	0	0	0	0	0	0	0	0	0	0	0	0	0	0	0	0	0	0	0	0	0	0	0	0	0	0	0	0	0	0	0	0	0	0	0	0	0	0	0	0	0	0	0	0	0	0	0	0	0	0	0	0	0	0	0	0	0	0	0	0	0	0	0	0	0	0	0	0	0	0	0	0	0	0	0	0	0	0	0	0	0	0	0	0	0	0	0	0	0	0	0	0	0	0	0	0	0	0	0	0	0	0	0	0	0	0	0	0	0	0	0	0	0	0	0	0	0	0	0	0	0	0	0	0	0	0	0	0	0	0	0	0	0	0	0	0	0	0	0	0	0	0	0	0	0	0	0	0	0	0	0	0	0	0	0
d__Bacteria;p__Firmicutes	0	0	0	0	0	0	0.796191989649327	0.851242701715132	0.397510179170115	0.875926378000667	0.913046268369377	0.795029940773114	0.748900347175092	0.715296432836088	0.307541049830098	0.548843670364622	0.339697736067522	0.867689162657691	0.841990843435431	0.270155412588639	0.16468045143218	0.0171044968273917	0	0.122655996308943	0.0839860681215253	0.0101203638226903	0.177211650485437	0.528735944142548	0.655723882377088	0.685200074446306	0.00813510237124094	0.5783547848847	0.41886731574848	0.0872767034439444	0.454569896932694	0.15110053072264	0.83460417229209	0.527268360073619	0.00662858544589666	0.0111769732294514	0	0	0	0.000779950540150536	0.00208587551898215	0.0024216885911503	0.00236682661419501	0.00267296246869373	0.00533817162886453	0.0021344045187923	0.00156446152480504	0.289066762649397	0.622053533457528	0.0243909902746791	0.529237646859888	0.371725320753529	0.0670227389266214	0.0239573555822182	0.0339773044500775	0.00625688509998267	0.00107509479133287	0.0458747431495199	0.0116616271827423	0.0673679325329671	0.0223239772127837	0.0213458231060415	0	0.106913602935677	0.171356805661292	0.0953611788359473	0.0673805300103112	0.0215369091928333	0.0607326057294404	0.0617660664995701	0.00316190416803072	0.120060649635911	0.120566386306187	0.0452573919467272	0.1379483647451	0.0471451487033691	0.0147306848617632	0.654145119344843	0.140145422173736	0.028237925772635	0.0212748463524642	0.0620114282153987	0.0731069221243694	0.103745217760008	0.0272104941652877	0.138624178764887	0.010102200464781	0.269202349361824	0.183778392996731	0.0623518542920237	0.0119925074070387	0.0117110709408578	0.0838704795982137	0.0551456419135923	0	0	0.0434680693289419	0.0744177741237919	0.0491402278495023	0.0713255000708842	0.30928315444871	0.059222963412169	0.0292736512173145	0.0654224226814711	0.0539665136352319	0.0447649690978084	0	0.0180443279998681	0.0128348224896513	0.0266176552875903	0	0.0513011281057513	0	0.0617568703177243	0	0	0.0431126010382517	0.0474408385297745	0.0692982047635317	0.0362956082226594	0.21008543267669	0.10569286338058	0.022126781226715	0.0110309600055746	0.0315931525874517	0.0262508932945368	0	0	0	0.0117617054203768	0.0830812800733702	0.00598596447681519	0.00392887992317143	0.000703677946648281	0.0592009378438205	0.0765504210724925	0.0153638226172077	0.0141397539793222	0.063527983524756	0	0.0235293588945401	0.0256262874530911	0.12679381518803	0.114974617145464	0.0880949252352783	0.145761794850538	0.108081839821094	0.106019812895028	0.187477752361915	0.0735060782412978	0.0698152249513058	0.0281094016086359	0.582711260200835	0.0724213142331155	0.0910185983884303	0.0821529528104756	0.046810944903117	0.00806692085737271	0.0209193619170484	0.0378335895773902	0.0178178429305868	0.00744632182406274	0.308172420094503	0.44040290157494	0.161167960479887	0.0710442715516164	0.0041976998742132	0.290611989400294	0.0926440331714838	0.137186985750545	0.185335584222955	0.119779395256472	0.0690876669910219	0	0.0676207340328175	0.0303838635459373	0.131161157611313	0.0818883639475478	0	0.0454989813750953	0.0337242207894575	0.0343679172878442	0.0157421587812705	0.0244297250027909	0.0162362792381696	0.000109201355917986	0.0185808002384558	0.0185474655027462	0.030777328887827	0.143360705967829	0.0733913120977076	0.0806673272597446	0.0242776536665819	0.0222343806175607	0.0105721868782207	0	0.0492889156048467	0	0.0198560359332802	0.00700522237525703	0.0780012601586946	0.0413879702851665	0.100538295130943	0.0516144624195332	0	0.0203133223032381	0	0	0	0	0	0	0	0	0	0	0.190409894547539	0.19760184393857	0.648021384436001	0.566022295368165	0.477457812690082	0.122369568575456	0.10208341321752	0.151762072570239	0.055130139232581	0.0694363177962251	0.00923605129549479	0.10281186992278	0.137264625469532	0.250507574323956	0.101449041241943	0.129829243598871	0.157255632914862	0.202321402104639	0.392141358541091	0.293788924642951	0.00877027364471865	0.0146008816162649	0.468174893687684	0.0857178654547202	0.069512828066041	0.0152386266963189	0.0446688105520961	0.0218476090112713	0.0263241536843948	0.0245387006204578	0	0.704524379163749	0	0	0	0.212453040362132	0.215057745272757	0.20423576966861	0.239969383130879	0.272044310516882	0.529446135807521	0.326074171182954	0.496164842007354	0.73564770236773	0.392691717545432	0.530867422390152	0.232667457756549	0.191792350165872	0.637745049442591	0.417498523497709	0.738247812343119	0.742011646442819	0.562867682871437	0.390285583084999	0.721169024203302	0.223123284137821	0.0332065413926577	0.189085580676548	0.0334890993662964	0.399399539200932	0.28855989526288	0.557835840381838	0.622984699696165	0.0896432606368191	0.71548383923761	0.490300059021197	0.310872153077247	0.0126549562650441	0	0.0553442789509705	0.282603666409232	0	0.0645393318469999	0	0.0362598543551674	0.0400033293930539	0.00359422021250456	0.00270377177380508	0.00367779796685942	0.00620242185358762	0.00490397297914902	0.148755570481565	0.0143986197764802	0.00817688003270051	0.0176886776991238	0.0815674821156621	0.0160265716153477	0.0370964820158926	0.160769872255977	0.0218381740764478	0.00592187609762872	0.0891504707109405	0.00745097301556449	0.0149825821494604	0.000850490994253237	0.0368884641170603	0.0072942365497501	0.220184065397915	0.1658990862522	0.013241842987368	0	0	0.150107442342221	0.732623961631195	0.80771659159902	0.772290784461369	0.326325565253226	0.174050771799456	0.730205034955088	0.0660943501635387	0.0518732753443231	0.183294971145279	0.0397969196250074	0.238728862623552	0.0997836322958375	0.407262388684378	0.292376719967479	0.0855705235238246	0.276265732386902	0.296048214612499	0.20565843298792	0.179821028504214	0.111228834753013	0.0176409020274366	0.339372369649648	0.173776203804193	0.378838373888881	0.0150892204292317	0.0721239587508954	0.114425833489393	0.00594005836873227	0.00766996448702992	0.699288667765887	0.88178021046294	0.0013237204913893	0.000718673494639805	0.00585780498776513	0	0	0.00610968404934466	0.00618163220240401	0.288670242102549	0.00509842982858851	0.00891681782269325	0.0421935709151662	0.00618013786898966	0.0131535899812695	0.0479654776046566	0.0658598021470895	0.0340812946385129	0.0547613317711694	0.018377049060883	0.06075364453543	0.0332677319879701	0.0555737444109016	0	0.0142637153284141	0.0188137146865714	0.0280502579234476	0.125339525407075	0.0308783438340557	0.0166449069752749	0.0465605117829921	0	0
d__Bacteria;p__Firmicutes_A	0	0	0	0	0	0	0	0	0	0	0	0	0	0	0	0	0	0	0	0	0	0	0	0.00223988359373119	0	0.00618552148154235	0	0.00132194633423989	0	0	0	0	0.00257080867142665	0.00162516650319861	0.00163779596025585	0	0	0	0.0159106173528113	0	0	0	0	0	0.0171801695861967	0.0494641782084863	0.019842990975409	0.0100408071054211	0.0042845225326308	0.0191467151273366	0.00373798791025941	0.00567159210357807	0.00462653551972042	0.199246571188584	0	0.000283917358978603	0.00592775798405444	0	0.018570023427079	0	0.00541776829490205	0	0.00503834002201651	0.000741284180030846	0.0160126793077545	0.00547640854049415	0	0.186296806407295	0.348840789366027	0.558695694083248	0.662255060229488	0.105460062295483	0.0330250895575296	0.286824160371261	0	0.120425595375702	0.0311261980880071	0.331066006868675	0.194315359858351	0.0455999756473842	0.181276125227839	0	0.014577749437489	0.119364597395444	0.0279125686619336	0.00784814140729123	0.0497772686599829	0.0094724388345244	0	0.056594699083423	0.095234252195971	0.0125312710489579	0.00582214932973573	0.025765172474742	0.00266788572330851	0	0.000939745516008234	0.00584685489801808	0	0	0	0	0	0	0	0.000721245199110572	0	0	0	0	0	0	0	0	0	0	0	0	0	0	0	0	0.0604829553298877	0.00112861493341645	0.00912744078845324	0	0	0	0	0	0	0	0	0	0.000895073301966804	0	0	0	0.000491558060743762	0	0	0.00230886137196861	0	0	0	0	0	0	0	0	0	0	0	0	0.00076590937260686	0	0.00507542097116002	0	0	0.173982345642645	0.0153689769563337	0.0574379660542931	0.0813132256967232	0.0971961776967311	0.069670527698125	0.0235385822025526	0.00128177795211393	0.00103835457729378	0	0	0.00698655361969976	0.010324104070117	0.0192815790837579	0.003679837392579	0.0194371865180819	0.00383606379572204	0	0	0.00169592731074576	0	0	0	0	0.0225463691573896	0.000562292211965655	0	0	0	0	0	0	0.000385692821468273	0.0131100190053887	0.00653216137031436	0.00745158721436313	0.00338101817402474	0	0.000980245489664292	0.0448376704602682	0	0.0045973569946878	0	0.00199544235545857	0	0.00172620382532919	0	0	0.00412605183563169	0	0	0	0	0	0	0	0	0	0	0	0	0	0	0	0	0	0	0	0	0	0	0.0640718875222692	0	0	0.0211144503924279	0	0	0	0	0	0.00529167355898863	0.0157469045197362	0.102784998319153	0	0	0	0.0738953582204278	0.0967593948671967	0.229222771491174	0.110846765857439	0.083513385481057	0	0	0	0	0	0	0	0	0	0	0	0.00432703104308842	0	0	0.000434678242358328	0.00238533717217658	0	0.00290572214712389	0	0.0152115050417435	0.000171724882128586	0.00141913686612148	0	0	0	0	0	0	0	0.00141777817654258	0.00970106110040067	0.00980412306279742	0	0	0	0	0	0	0	0	0.00128216801271541	0	0	0	0.000864120142287737	0	0	0.00434165114997637	0	0	0	0	0	0	0	0.000333004865099986	0	0.000872719208974903	0.00287118679340032	0	0.00234939538641419	0	0	0	0	0.00876773233522473	0.00596162660507617	0.0100865722046985	0.000650538964227974	0	0	0	0.0352538974074704	0.0017778327308381	0	0.0033269877406599	0.0349791792847653	0.0611909085304636	0.00871867490215681	0.0190746840710121	0	0.00659743522757401	0.0944807376685773	0.0453861104573488	0.00359491128398327	0.00483811005942214	0.0482305666152967	0	0.000363954953722655	0.000634864809223168	0.000241780821667652	0.00621381738602539	0	0	0.0223527342111317	0	0	0.0158684685890445	0	0.00022451795093487	0.0727499646706102	0.0308071866663938	0.00569365502203501	0.000252707866065286	0	0	0.00378170612174459	0	0	0	0	0.0240695829708853	0	0	0.00240183775227941	0	0	0.0265971963423917	0.00761037030616676	0.00428446484124708	0.00556586869087474	0.00493536532698865	0.00603725018730825	0.00418041380716158	0.00180327745677769	0	0	0.0153613583788118	0.00557748736175328	0.00651712828742282	0.00328564861782088	0.00481283626537426	0.00431937113574585	0	0
d__Bacteria;p__Firmicutes_B	0	0	0	0	0	0	0	0	0	0	0	0	0	0	0	0	0	0	0	0	0	0	0	0	0	0	0	0	0	0	0	0	0	0	0	0	0	0	0	0	0	0	0	0	0	0	0	0	0	0	0	0	0	0.000287523137084555	0	0	0	0	0	0	0	0	0	0	0	0	0	0	0	0.000388459364860049	0.000597985509401549	0	0	0	0	0	0	0	0	0	0	0	0	0.000482292860987604	0	0	0	0	0	0	0	0	0	0	0	0	0	0	0	0	0	0	0	0	0	0	0	0	0	0	0	0	0	0	0	0	0	0	0	0	0	0	0	0	0	0	0	0	0	0	0	0	0	0	0	0	0	0	0	0	0	0	0	0	0	0	0	0	0	0	0	0	0	0	0	0	0	0	0	0	0	0	0	0	0	0	0	0	0	0	0	0	0	0	0	0	0	0	0	0	0	0	0	0	0	0	0	0	0	0	0	0	0	0	0	0	0	0	0	0	0	0	0	0	0	0	0	0	0	0	0	0	0	0	0	0	0	0	0	0	0	0	0	0	0	0	0	0	0	0	0	0	0	0	0	0	0	0	0	0	0	0	0	0	0	0	0	0	0	0	0	0	0	0	0	0	0	0	0	0	0	0	0	0	0	0	0	0	0	0	0	0	0	0	0	0	0	0	0	0	0	0	0	0	0	0	0	0	0	0	0	0	0	0	0	0	0	0	0	0	0	0	0	0	0	0	0	0	0	0	0	0	0	0	0	0	0	0	0	0	0	0	0	0	0	0	0	0	0	0	0	0	0	0	0	0	0	0	0	0	0	0	0	0	0	0	0	0	0	0	0	0	0	0	0	0	0	0	0	0	0	0	0	0	0	0	0	0	0	0	0	0	0	0	0	0	0	0	0	0	0	0	0	0	0
d__Bacteria;p__Firmicutes_C	0	0	0	0	0	0	0	0	0	0	0	0	0	0	0	0	0	0	0	0	0	0	0	0.00282897558188493	0	0	0	0	0	0	0	0	0.000379578992501659	0.00201915410069496	0	0	0	0.0153648913075074	3.41092441259392e-05	0	0	0	0	0	8.64912179970299e-05	0.000691841986061188	0	0	0	0.000141305064035364	0	0.00137606710028743	0.000474374469086713	0.00428847721772625	0.00143299985204155	0	0.00350117088474469	0	0.000157361488529592	0	0	0	9.88067677118753e-05	0	0	0	0	0.00333467729834564	0.00296825590119999	0.00630919643295088	0.00251934130813214	0.00060607614077726	0	0.00599816061527867	0	0.00230475656778788	0	0.00875978760023367	0	0.000166200444854823	0.00297149368895805	0	0.00171406195831609	0.00615307250171699	0.000850760658832914	0	0	0	0	0	0.00338268498155733	0.00010530936034212	0	8.00883416457176e-05	0	0	0	0.00510840524664637	0	0	0	0	0	0	0	0.00236075736136379	0	0	0	0	0	0	0	0	0	0	0	0	0	0	0	0	0.00345109391104882	0	0	0	0	0	0.00796222198615882	0	0	0	0	0	0	0	0	0	0	0	0	0	0	0	0	0	0	0	0	0	0	0	0	0	0	0	0	8.5108944794747e-05	0	0	0	0	0	0	0	0	0	0	0	0	0	0	0.000385948463327616	0	0	0	0	0	0.031128060429841	0	0	0	0	0	0	0	0	0	0	0	0	0	0	0.0051127715298595	0	0.00594203122902926	0	0	0	0	0.00240646269488865	0	0	0	0	0	0	0	0	0.0357366515972811	0	0	0	0	0	0	0	0	0	0	0	0	0	0	0	0	0	0	0	0	0	0	0	0	0	0	0	0	0	0.004849206860108	0	0	0	0	0	0	0.000849655334919317	0.00189878635960258	0	0	0	0	0	0	0	0.0439144038426607	0	0	0.0302182695389785	0.0415782965427564	0.00140476799556019	0.0543233574208381	0.00631665002266983	0.00159020135455104	0.00129991417124594	0.0958225146661141	0.00700470161936348	0.0207673162852204	0.02168428068171	0.0597522551639137	0.00793605190721652	0.0147464099316867	0	0.0400597684513456	0.0518667751644219	0.18125773966542	0.159775256820647	0.0225655010355664	0.0419097895903341	0.013237674922791	0.17216623985768	0.100107974732767	0.0127657031199496	0.0800332033984191	0.0275568101660925	0	0	0	0	0	0.000364654069667217	0	0.00155813302845105	0	0	0	0	0	0	0	0	0	0	0	0.000151109236384669	0	0	0.00248862923952469	0.00279608760365724	0	0	0.0073140277086614	0	0	0	0.00050943214356102	0	0	0.00187026591530716	0	0	0	0.00228371109309976	0	0	0	0	0.00272066800882759	0	0	0	0	0.00217902799841885	0.000647538939983225	0	0	0.0110730266043262	0	0.00101045925476731	0	0	0	0	0	0	0	0.00154715868090437	0.000135725768849711	0	0	0.00217115925274962	0.00127204079137193	0	0	0.000429370414968473	0	0	0	0	0	0	0	0	0	0.000272752758357295	0	0	0.00189294728320396	0	0	0	0	0	0	0	0	0	0	0	0	0.000931140386903091	0	0.000850543569469271	0	0
d__Bacteria;p__Firmicutes_H	0	0	0	0	0	0	0	0	0	0	0	0	0	0	0	0	0	0	0	0	0	0	0	0	0	0	0	0	0	0	0	0	0	0	0	0	0	0	0	0	0	0	0	0	0	0	0	0	0	0	0	0	0	0	0	0	0	0	0	0	0	0	0	0	0	0	0	0	0	0	0	0	0	0	0	0	0	0	0	0	0	0	0	0	0	0	0	0	0	0	0	0	0	0	0	0	0	0	0	0	0	0	0	0	0	0	0	0	0	0	0	0	0	0	0	0	0	0	0	0	0	0	0	0	0	0	0	0	0	0	0	0	0	0	0	0	0	0	0	0	0	0	0	0	0	0	0	0	0	0	0	0	0	0	0	0	0	0	0	0	0	0	0	0	0	0	0	0	0	0	0	0	0	0	0	0	0	0	0	0	0	0	0	0	0	0	0	0	0	0	0	0	0	0	0	0	0	0	0	0	0	0	0	0	0	0	0	0	0	0	0	0	0	0	0	0	0	0	0	0	0	0	0	0	0	0	0	0	0	0	0	0	0	0	0	0	0	0	0	0	0	0	0	0	0	0	0	0	0	0	0	0	0	0	0	0	0	0	0	0	0	0	0	0	0	0	0	0	0	0	0	0	0	0	0	0	0	0	0	0	0	0	0	0	0	0	0	0	0	0	0	0	0	0	0	0	0	0	0	0	0	0	0	0	0	0	0	0	0	0	0	0	0	0	0	0	0	0.000279018608957509	0	0	0	0	0	0	0	0	0	0	0	0	0	0	0	0	0	0	0	0	0	0	0	0	0	0	0	0	0	0	0	0	0	0	0	0	0	0	0	0	0	0	0	0	0	0	0	0	0	0	0	0	0	0	0	0	0	0	0	0	0	0	0	0	0	0	0
d__Bacteria;p__Fusobacteriota	0	0	0	0	0	0	0	0	0	0	0	0	0	0	0	0	0	0	0	0	0	0	0	0.00292675086078037	0	0	0	0	0	0	0	0	0	0.00108859661363392	0	0	0	0	0	0	0	0	0	0	0	0	0	0	0	0	0	0.000708362244307521	0.000179868984739654	0	0	0	0	0	0	0	0	0	0	0	0	0	0	0	0	0	0	0	0	0	0	0	0	0	0	0	0	0	0	0	0	0	0	0	0	0	0	0	0	0	0	0	0	0	0	0	0	0	0	0	0	0	0	0	0	0	0	0	0	0	0	0	0	0	0	0	0	0	0.00454187284692993	0	0	0	0	0	0	0	0	0	0	0	0	0	0	0	0	0	0	0	0	0	0	0	0	0	0	0	0	0	0	0	0	0	0	0.00133685355288	0	0	0	0	0	0	0	0	0	0	0	0	0	0	0	0	0	0	0	0	0.0033457160813418	0	0	0	0	0	0	0	0	0	0	0	0	0	0	0.0027867318533023	0	0.00142456351184626	0	0	0	0	0	0	0	0	0	0	0	0	0	0.00316335704303951	0	0	0	0	0	0	0	0	0	0	0	0	0	0	0	0	0	0	0	0	0	0	0	0	0	0	0	0	0	0	0	0	0	0	0	0	0	0	0	0	0	0	0	0	0	0.0148767170416421	0	0.0141882253151868	0.0514949902180761	0.00393936644853038	0.00469212108610818	0.0388813410785824	0.00677794367410522	0.00453708236867378	0.0215467096109379	0.00117010153620961	0.0276323079111484	0.0228072835731656	0.00227949926268816	0.0540050269918745	0.00519833933134729	0.0126273701313372	0.00439358799379639	0.0190576251056346	0.00971690917949091	0	0.0422645754925465	0	0	0.0303559709481028	0	0.0109810490939205	0.021612106072674	0	0.00112415324662261	0.00192888729578263	0.004845037542093	0	0	0	0	0	0	0	0	0	0	0	0	0	0	0	0	0	0	0	0	0.000666466089108685	0.00252570036026499	0	0	0	0	0	0	0	0	0	0	0	0	0	0	0	0	0	0	0	0	0	0	0	0	0	0	0	0.0065182876512561	0	0	0	0	0	0	0	0	0	0	0	0	0	0	0	0	0	0	0	0	0	0	0	0	0	0	0	0	0	0	0.00122799644019746	0	0	0	0	0	0	0	0	0	0	0	0	0.000426862979714256	0	0	0	0
d__Bacteria;p__Patescibacteria	0	0	0	0	0	0	0	0	0	0	0	0	0	0	0	0	0	0	0	0	0	0	0	0.000243462071326171	0	0	0	0	0	0	0	0	0	0.000569898015288555	0	0	0	0	0	0	0	0	0	0	0	0	0	0	0	0	0	0.000656007339226434	0.000768661930421967	0	0	0	0.0001555368503712	0	0	0	0	0	0	0	0	0	0	0	0	0	0	0	0	0	0	0	0	0	0	0	0	0	0	0	0	0	0	0	0	0	0	0	0	0	0	0	0	0	0	0	0	0	0	0	0	0	0	0	0	0	0	0	0	0	0	0	0	0	0	0	0	0	0.000370083870566257	0	0	0	0	0	0	0	0	0	0	0	0	0	0	0	0	0	0	0	0	0	0	0	0	0	0	0	0	0	0	0	0	0	0	0	0	0	0	0	0	0	0	0	0	0	0	0	0	0	0	0	0	0	0	0	0.00693937082261434	0	0	0	0	0	0	0	0	0	0	0	0	0	0	0.0058049758359215	0	0.000410002559510113	0	0	0	0	0	0	0	0	0	0	0	0	0	0	0	0	0	0	0	0	0	0	0	0	0	0	0	0	0	0	0	0	0	0	0	0	0	0	0	0	0	0	0	0	0	0	0	0	0	0	0	0	0	0	0	0	0	0	0	0	0	0	0.0026655051783405	0	0	0.000411883989200819	0	0.00142408583247458	0.00231138943445856	0	0	0.00361768023491161	0	0.00375388302668754	0.000658187855100253	0.000483758216580148	0.000604710062047083	0.00378301119035627	0.000147942155403981	0	0	0	0	0.00156138993611675	0	0.000359402366857355	0	0	0.00103047380940405	0	0	0	0	0	0	0	0	0	0	0	0	0	0	0	0	0	0	0	0	0	0	0.00011186150821372	0.000320000965130149	0	0	0	0	0	0	0	0	0	0	0	0	0	0	0	0	0	0	0	0	0	0	0	0	0	0	0	0.00264017760294675	0	0	0	0	0	0	0	0	0	0	0	0	0	0	0	0	0	0	0	0	0	0	0	0	0	0	0	0	0	0	0.000221650281002168	0	0	0	0	0	0	0	0	0	0	0	0	0.000290499156178406	0	0	0	0
d__Bacteria;p__Proteobacteria	0.584865462005839	0.532536166123952	0.670933550754179	0	0.566189557065149	0	0.0173809089849504	0.0492441140038923	0.109149130067638	0.00833118881228466	0	0	0	0	0	0.159906880496637	0.0711886407264085	0	0	0	0	0	0	0.46723804196951	0.0116886222558766	0.00766045387519527	0.0200446601941748	0.0262301543641662	0	0	0	0.0401683384888944	0.0456257520794805	0.57778662743232	0	0.00722009020960705	0.0260723094813024	0	0.000841951701272025	0	0.0287980218138608	0	0	0	0	0	0.000463959335095079	0.0169019666650989	0	0.000605670949087043	0	0.117737891054326	0.00489239278031622	0.00279621224251167	0.0855206802528866	0.154473825150364	0.0218699061586756	0	0.000701337836200468	0	0	0	0.023691093773628	0.0140745550091647	0	0	0	0	0.00196616772421655	0.00104848818608371	0	0	0.162753738328381	0.0317009642427776	0	0.0469283259699951	0.0256805374905603	0.00391687383590101	0.00992570800320883	0.00711157545157588	0.000220971212095364	0.00200219569392806	0.0627433826332716	0.0735946346470959	0.00491006703961827	0.00568295508871904	0	0.00484182966653708	0	0	0.00367844637685413	0.000423899068034925	0.00164062186986985	0.016768190944688	0	0	0.00231225137787453	0.00542677874903417	0.715509391007399	0	0.00158949208807245	0	0	0.00212736871240608	0	0.00979960919075534	0	0.00316606487814296	0	0	0.378577656184234	0.348211824412679	0.28768256346582	0.279605900304312	0.652836358466423	0.493704458044551	0	0.102102665879955	0.591347933813687	0.634419609515887	0.240196767901161	0.0437757261712376	0.0630382031232936	0.392697924463947	0.152010365211442	0.0567060935048203	0.094315347128054	0.329969410621755	0.191900861237995	0.706422938596692	0	0.825566938401848	0.784716670713773	0.763387244388912	0.406420036608266	0.540263002813513	0.652470907617939	0.817442875778751	0.00176691927583056	0.0747167825756509	0.0277598366001422	0.0244786425048509	0.00834673566805978	0	0.00967723312853532	0.00984721499568513	0	0.289225168303952	0.326710543605419	0	0	0	0	0.000462587410735778	0.0535439282696796	0.0248732188677752	0.00482049431515636	0.023667786930901	0.003506752503359	0.00207495112131257	0	0	0.00997033749689363	0.01826102928833	0	0	0	0	0	0	0	0	0.0379769271104695	0.0150309014531469	0	0	0.041717197378954	0	0.0638367018200534	0.030480737626931	0.590782454098591	0.52684035293952	0	0.0302842977281285	0.124601018253116	0.00941661796470783	0.0242596737634141	0.0450061764742365	0.401064438539186	0.859997308252111	0.00600254196600234	0.0594137423347699	0.0477806023750065	0.0443836524875734	0.00995906571391162	0.0611453890417798	0.0222440081857777	0	0	0	0.00588519450424715	0	0	0	0.122460726833905	0.315514018691589	0	0.0108607292727046	0.252650220235356	0.0356652439890861	0.0960827464788732	0.163714175930465	0	0.442543183845592	0.327546784859997	0.563974326514989	0.434648783263224	0.492099573249769	0.346825838563358	0.462706641825758	0	0	0	0	0	0	0	0	0	0	0.0179270745839062	0	0	0	0	0	0	0	0	0	0	0	0	0	0	0.0137127945050346	0.00516601692442974	0.0199124727561664	0.0093913731677589	0.0190782100313117	0	0	0.549886582348089	0.680847020225259	0.579526177244808	0.255655305732354	0.0415962691230588	0	0.0926243188575597	0.027668736877292	0.368343705397302	0.357589697802182	0.281558056647272	0.0946468229571651	0.428804107240778	0.0569344101389242	0.360717333852408	0.242515907813524	0.135218688949287	0.197351182605471	0.137787029963103	0.0566383733352084	0.169450977988554	0.166183702638731	0.0510093605823742	0.169837367015083	0.0493805499377202	0.0685626738808623	0.0558426607659672	0.197865122318283	0.0475473274217137	0.135745171737006	0.0698439232398979	0	0.0450416310303768	0.041826877651558	0.0713832443223664	0.216034178346448	0	0	0.00191468946439985	0	0.311006789181068	0	0.000898070428826259	0.00476857172397241	0.00369397659585707	0.000414668584089244	0.0127016447773613	0.0132058593579434	0.0160203291073481	0.00615115867335523	0.00271516972369482	0.00808864743857439	0.0168379799930809	0.000339915432758155	0.000571803060984291	0.0220867014592153	0.171966211396679	0.00086741303855707	0	0.00155824295183365	0	0.00333451296674585	0	0.00152900645563291	0.0113674992214856	0.00479374206461783	0.00178300013263503	0.256331606351087	0	0.638285687013793	0.0283189892837398	0.0493331554589539	0.0398089183387507	0.00432771363662339	0.0437927977143008	0.0362447489476549	0.0164227932816512	0.0822899070158366	0.598520230228252	0.356712012398155	0	0.0422537316247207	0.029444936653951	0.0509226737243242	0.0794866635127427	0.434930529844194	0.0585263927618643	0.365004803733187	0.435851723554466	0.0105522196759402	0	0	0	0	0.00623598006489033	0	0.00767411480372225	0.0220597501063247	0	0	0.0549211663578233	0	0.000647848896114239	0	0.0289632103832712	0	0	0	0	0.00510383585025459	0.00174657025703631	0.00819564585155997	0.00033822755909423	0	0	0.00336174447217743	0.00016393675324578	0.078220914522568	0.0321503077672126	0	0	0.000390436644467278	0	0	0	0	0	0.00651709392163349	0.026917117799315	0	0.000452147342807146	0	0
d__Bacteria;p__Spirochaetota	0	0	0	0	0	0	0	0	0	0	0	0	0	0	0	0	0	0	0	0	0	0	0	0	0	0	0	0	0	0	0	0	0	0	0	0	0	0	0	0	0	0	0	0	0	0	0	0	0	0	0	0	0	0	0	0	0	0	0	0	0	0	0	0	0	0	0	0	0	0	0	0	0	0	0	0	0	0	0	0	0	0	0	0	0	0	0	0	0	0	0	0	0	0	0	0	0	0	0	0	0	0	0	0	0	0	0	0	0	0	0	0	0	0	0	0	0	0	0	0	0	0	0	0.000916282779403523	0	0	0	0	0	0	0	0	0	0	0	0	0	0	0	0	0	0	0	0	0	0	0	0	0	0	0	0	0	0	0	0	0	0	0	0	0	0	0	0	0	0	0	0	0	0	0	0	0	0	0	0	0	0	0	0	0	0	0	0	0	0	0	0	0	0	0	0	0	0	0	0	0	0	0	0	0	0	0	0	0	0	0	0	0	0	0	0	0	0	0	0	0	0	0	0	0	0	0	0	0	0	0	0	0	0	0	0	0	0	0	0	0	0	0	0	0	0	0	0	0	0	0	0	0	0	0	0	0	0	0	0	0	0	0	0	0	0	0	0	0	0	0	0	0	0	0	0	0	0	0	0	0	0	0	0	0	0	0	0	0	0	0	0	0	0	0	0	0	0	0	0	0	0	0	0	0	0	0	0	0	0	0	0	0	0	0	0	0	0	0	0	0	0	0	0	0	0	0	0	0	0	0	0	0	0	0	0	0	0	0	0	0	0	0	0	0	0	0	0	0	0	0	0	0	0	0	0	0	0	0	0	0	0	0	0	0	0	0	0	0	0	0	0	0	0	0	0	0	0	0	0	0	0	0	0	0	0	0	0	0
d__Bacteria;p__Verrucomicrobiota	0	0	0	0	0	0	0	0	0	0	0	0	0	0	0	0	0	0	0	0	0	0	0	0	0	0	0	0	0	0	0	0	0	0	0	0	0	0	0	0	0	0	0	0	0	0	0	0	0	0	0	0	0	0	0	0	0	0	0	0	0	0	0	0	0	0	0	0	0	0	0	0	0	0	0	0	0	0	0	0	0	0	0.00238629019324641	0	0	0	0	0	0	0	0	0	0	0	0	0	0	0	0	0	0	0	0	0	0	0	0	0	0	0	0	0	0	0	0	0	0	0	0	0	0	0	0	0	0	0	0	0	0	0	0	0	0	0	0	0	0	0	0	0	0	0	0	0	0	0	0	0	0	0	0	0	0	0	0	0	0	0	0	0	0	0	0	0	0	0	0	0	0	0	0	0	0	0	0	0	0	0	0	0	0	0	0	0	0	0	0	0	0	0	0	0	0	0	0	0	0	0	0	0	0	0	0	0	0	0	0	0	0	0	0	0	0	0	0	0	0	0	0	0	0	0	0	0	0	0	0	0	0	0	0	0	0	0	0	0	0	0	0	0	0	0	0	0	0	0	0	0	0	0	0	0	0	0	0	0	0	0	0	0	0	0	0	0	0	0	0	0	0	0	0	0	0	0	0	0	0	0	0	0	0	0	0	0	0	0	0	0	0	0	0	0	0	0	0	0	0	0	0	0	0	0	0	0	0	0	0	0	0	0	0	0	0	0	0	0	0	0	0	0	0	0	0	0	0	0	0	0	0	0	0	0	0	0	0	0	0	0	0	0	0	0	0	0	0	0	0	0	0	0	0	0	0	0	0	0	0	0	0	0	0	0	0	0	0	0	0	0	0	0	0	0	0	0	0	0	0	0	0	0	0	0	0	0	0
Unknown	0.415134537994161	0.467463833876048	0.329066449245821	1	0.433810442934851	1	0.132215921669062	0.0673391992515566	0.384617957142977	0.0880816620556403	0.0869537316306231	0.0992196651910367	0.100712012780678	0.121279011613605	0.227419623125728	0.173644881301374	0.204087266522441	0.0826646657523579	0.0920722110115784	0.356325555397245	0.447416570864166	0.561375409986819	0.733751779002299	0.148884174200732	0.101187280200157	0.166023016474754	0.230180582524272	0.15913022945957	0.32862745533114	0.105853961163844	0.101339875139255	0.257266612880805	0.130602929343763	0.136540502177247	0.120547331616784	0.18257738592336	0.0921946417909514	0.354139096404251	0.149361575085436	0.202262314556551	0.160289325550293	0.167922678821355	0.147882163369507	0.151053497137106	0.147061340233771	0.161796060243414	0.142924031082721	0.147064268748162	0.116678480308049	0.135495638406555	0.135894192372939	0.17124767038654	0.125769059822419	0.0952569009575533	0.149751474300284	0.122481105866014	0.161692077209038	0.27872864567201	0.125152924541747	0.147764894582693	0.260057312239146	0.244440009253421	0.112052352117807	0.0832448117607902	0.109912897731131	0.119099901849903	0.292521768165823	0.0894127123737471	0.101682820399216	0.096525789982127	0.0893881319892168	0.103746581181361	0.275217565476185	0.111986552371991	0.0801430048690248	0.115115096683543	0.107240202690793	0.194344214411644	0.172656182583489	0.0820092968396673	0.110522411504616	0.145568790830921	0.19948925059036	0.126102160060031	0.107379785830252	0.144337154320847	0.111454665584407	0.0766949108657977	0.126227669929364	0.298508751106028	0.163451044840179	0.0848651607673288	0.0640591615442427	0.084160721362245	0.0753336810331238	0.0578436455652208	0.0605325221686769	0.217973208218132	0.284490608992601	1	0.187982368246472	0.163155414610962	0.290978519531651	0.228980736385178	0.358574151247937	0.214411158277744	0.283769215231014	0.24174440624217	0.177402163989709	0.163616893245115	0.359126029703566	0.259048081295488	0.205514980614664	0.225789512196172	0.243937886040156	0.175580613586704	0.428906364480047	0.361491057114079	0.308842878705892	0.358958789991074	0.329250679348372	0.177775311522635	0.422055824143398	0.268674440900478	0.247994414830226	0.268452845398221	0.420138872819217	0.39434343923984	0.274651904834972	0.208789310682533	0.379517532059905	0.174433061598152	0.173953732023344	0.14323429856577	0.102771303241298	0.136000107073286	0.190242986442333	0.12654212973202	0.082564225543702	0.485483695233337	0.116029731560372	0.206120557305545	0.173965666794424	0.817575165902547	0.1262050305434	0.220134838628685	0.419396252751845	0.390494733374441	0.335243966070429	0.27934586738456	0.433524268917697	0.055502924232258	0.0574149860405431	0.0546008378393729	0.0514628855092115	0.0600124052460605	0.0882426003613881	0.0586849811093222	0.0552490780492129	0.102846220986974	0.087689633391533	0.0612269219959525	0.0716479674394147	0.0865590016081565	0.0723548538723585	0.0681070821216932	0.060889012872836	0.0776194477062681	0.754807692307692	0.049545298358761	0.0464913163968872	0.0836461540145754	0.0911262927920638	0.0703583321195368	0.0751356583852144	0.0870963473188199	0.788202416846021	0.740164456810657	0.219515303437052	0.591004549622018	0.193579870403588	0.199886672316482	0.535139548193785	0.32981264060403	0.167693280767628	0.106151553521978	0.126800911472821	0.110604856686097	0.102924168647625	0.137269484595124	0.0974649953387721	0.172293365442747	0.221135338500891	0.201930094573341	0.306300665598351	0.131530489356391	0.0892058715132612	0.13650325622471	0.115258398799075	0.471519218146014	0.179158867827696	1	0.131691536543637	0.289916174643919	0.136857292367496	0.198102084831057	0.261711415487069	0.305056866866354	0.637326605745842	0.403628649018038	0.903917253521127	0.836285824069535	1	0.557456816154408	0.672453215140003	0.415202864448655	0.565351216736776	0.48689982329239	0.653174161436642	0.509611905916287	0.134185755201485	0.80239815606143	0.149138462107932	0.307743366855189	0.221699310057177	0.102979037002233	0.0822591012474042	0.079846784064454	0.133357979785934	0.0852509522010018	0.196005446267595	0.199129499953986	0.148557735212273	0.384367673048365	0.36358496357204	0.480275185048708	0.614837454086947	0.613212353638654	0.243440178277567	0.303212731958889	0.735009836105511	0.241272614498847	0.220938291927484	0.474821674985068	0.373525368570186	0.15356962122269	0.112462810465362	0.11783644761063	0.125046071581222	0.152827300142116	0.32511516172173	0.153274896581528	0.450113417651911	0.319152979774741	0.420473822755192	0.396482493062063	0.701389821093804	0.730538369287525	0.378409511677517	0.55357252316421	0.0888064903694838	0.145933692329465	0.183951787860543	0.151399168504163	0.135441377377389	0.226193772255871	0.356462106295528	0.275665592249334	0.118671297645935	0.189030558009687	0.0875158700140407	0.145705461804244	0.24222003565874	0.256547542485247	0.106069462895406	0.259495681311477	0.593772015590051	0.636598802715003	0.850561439120346	0.288951374581791	0.287293265638941	0.0779684135039988	0.237741552449037	0.791147863566368	0.180852725999133	0.417201480063504	0.569662468560524	0.480368314032242	1	0.291384735872886	0.0736573672873605	0.281774667558996	0.222601254444721	1	0.172928913979647	0.12977130578273	0.0552407912447286	0.0745654029123995	0.0455440278650989	0.0732521450393789	0.0512143122103207	0.0702123587735049	0.0661917155411162	0.0675817428662467	0.0984778472080052	0.0938397751391816	0.0909462661550373	0.0653801337457854	0.121418198433775	0.0890069411939142	0.0881559756810073	0.179574008303055	0.355581750654703	0.0641660913942339	0.084908650442227	0.105370994491067	0.111110331014992	0.10039616353262	0.0793964702951309	0.380706527864091	0.56018482565815	0.361714312986207	0.219620539707289	0.145239159695401	0.114812194287027	0.120066429227694	0.308062024759083	0.153563150356463	0.124114916040674	0.390664449679305	0.202520653370802	0.220647832202843	0.154304820641676	0.262308861827398	0.449369694324751	0.216051819909808	0.191740299349944	0.348256516231264	0.106663383233955	0.132015194665569	0.2659680345301	0.337154799999197	0.0706136334482005	0.0938640013411448	0.44063223134904	0.477431884389102	0.31774002727527	0.145725640637619	0.0744507835317238	0.0872478398146187	0.134911509608456	0.167658138200925	0.197325535087267	0.104362810505971	0.140396591953961	0.135044088360208	0.145842942733215	0.238264923404106	0.223307998795106	0.0902448032970859	0.0921355377341063	0.218763050331181	0.078011712066976	0.0856622702760372	0.0779301704284736	0.0835024324632644	0.0857901744144476	0.0986105643883144	0.0894076562982004	0.142872573340592	0.0954745219634607	0.08355371142652	0.0924216632243269	0.0645153129421426	0.0735558508023115	0.213856813815909	0.0898556702197022	0.0864402129450254	0.0713519882722708	0.0828517597999031	0.0966630090589184	0.0718017721089439	0.0945482609085843	0.215969625531038	0.374866868124528
